{
  "dependencies": {
    "cosmosdb1": {
      "resourceId": "/subscriptions/[parameters('subscriptionId')]/resourceGroups/[parameters('resourceGroupName')]/providers/Microsoft.DocumentDB/databaseAccounts/apptweetwebapiaccount",
      "type": "cosmosdb.azure",
      "connectionId": "db",
      "secretStore": "AzureAppSettings"
    },
    "redis1": {
      "resourceId": "/subscriptions/[parameters('subscriptionId')]/resourceGroups/[parameters('resourceGroupName')]/providers/Microsoft.Cache/Redis/AppTweetWebApicache",
      "type": "redis.azure",
      "connectionId": "CacheConnection",
      "secretStore": "AzureAppSettings"
    }
  }
}