{
  "dependencies": {
    "identityapp1": {
      "type": "identityapp",
      "connectionId": "",
      "suggestion": "true",
      "ignored": "true"
    },
    "appInsights1": {
      "type": "appInsights",
      "connectionId": "APPINSIGHTS_CONNECTIONSTRING"
    },
    "cosmosdb1": {
      "type": "cosmosdb",
      "connectionId": "db"
    },
    "redis1": {
      "type": "redis",
      "connectionId": "CacheConnection"
    },
    "secrets1": {
      "type": "secrets",
      "connectionId": "VaultUri"
    }
  }
}