{
  "dependencies": {
    "appInsights1": {
      "resourceId": "/subscriptions/[parameters('subscriptionId')]/resourceGroups/[parameters('resourceGroupName')]/providers/microsoft.insights/components/App.TweetWebApi",
      "type": "appInsights.azure",
      "connectionId": "APPINSIGHTS_CONNECTIONSTRING",
      "secretStore": "AzureAppSettings"
    },
    "cosmosdb1": {
      "resourceId": "/subscriptions/[parameters('subscriptionId')]/resourceGroups/[parameters('resourceGroupName')]/providers/Microsoft.DocumentDB/databaseAccounts/apptweetwebapiaccount",
      "type": "cosmosdb.azure",
      "connectionId": "db",
      "secretStore": "AzureAppSettings"
    },
    "redis1": {
      "resourceId": "/subscriptions/[parameters('subscriptionId')]/resourceGroups/[parameters('resourceGroupName')]/providers/Microsoft.Cache/Redis/AppTweetWebApicache",
      "type": "redis.azure",
      "connectionId": "CacheConnection",
      "secretStore": "AzureAppSettings"
    },
    "secrets1": {
      "resourceId": "/subscriptions/[parameters('subscriptionId')]/resourceGroups/[parameters('resourceGroupName')]/providers/Microsoft.KeyVault/vaults/AppTweetWebApivault",
      "type": "secrets.keyVault",
      "connectionId": "VaultUri",
      "secretStore": "AzureAppSettings"
    }
  }
}