{
  "dependencies": {
    "storage1": {
      "type": "storage.emulator",
      "connectionId": "AzureWebJobsStorage"
    },
    "secrets1": {
      "type": "secrets.user"
    },
    "appInsights1": {
      "resourceId": "/subscriptions/[parameters('subscriptionId')]/resourceGroups/[parameters('resourceGroupName')]/providers/microsoft.insights/components/tweet-ai",
      "type": "appInsights.azure",
      "connectionId": "APPINSIGHTS_CONNECTIONSTRING",
      "secretStore": "LocalSecretsFile"
    }
  }
}